<annotation>
	<folder>images</folder>
	<filename>0.jpg</filename>
	<path>D:\Image_processing\traning_project\images\0.jpg</path>
	<source>
		<database>Unknown</database>
	</source>
	<size>
		<width>640</width>
		<height>664</height>
		<depth>3</depth>
	</size>
	<segmented>0</segmented>
	<object>
		<name>trash</name>
		<pose>Unspecified</pose>
		<truncated>0</truncated>
		<difficult>0</difficult>
		<bndbox>
			<xmin>75</xmin>
			<ymin>172</ymin>
			<xmax>245</xmax>
			<ymax>444</ymax>
		</bndbox>
	</object>
	<object>
		<name>trash</name>
		<pose>Unspecified</pose>
		<truncated>0</truncated>
		<difficult>0</difficult>
		<bndbox>
			<xmin>303</xmin>
			<ymin>181</ymin>
			<xmax>554</xmax>
			<ymax>484</ymax>
		</bndbox>
	</object>
</annotation>
