<annotation>
	<folder>images</folder>
	<filename>000001_1700199952.jpg</filename>
	<path>D:\Image_processing\traning_project\images\000001_1700199952.jpg</path>
	<source>
		<database>Unknown</database>
	</source>
	<size>
		<width>1000</width>
		<height>1000</height>
		<depth>3</depth>
	</size>
	<segmented>0</segmented>
	<object>
		<name>trash</name>
		<pose>Unspecified</pose>
		<truncated>0</truncated>
		<difficult>0</difficult>
		<bndbox>
			<xmin>22</xmin>
			<ymin>334</ymin>
			<xmax>340</xmax>
			<ymax>750</ymax>
		</bndbox>
	</object>
	<object>
		<name>trash</name>
		<pose>Unspecified</pose>
		<truncated>0</truncated>
		<difficult>0</difficult>
		<bndbox>
			<xmin>361</xmin>
			<ymin>330</ymin>
			<xmax>644</xmax>
			<ymax>748</ymax>
		</bndbox>
	</object>
	<object>
		<name>trash</name>
		<pose>Unspecified</pose>
		<truncated>0</truncated>
		<difficult>0</difficult>
		<bndbox>
			<xmin>675</xmin>
			<ymin>331</ymin>
			<xmax>978</xmax>
			<ymax>771</ymax>
		</bndbox>
	</object>
</annotation>
