<annotation>
	<folder>images</folder>
	<filename>000000000016125580-gallery-01-20191120145840202.jpg</filename>
	<path>D:\Image_processing\traning_project\images\000000000016125580-gallery-01-20191120145840202.jpg</path>
	<source>
		<database>Unknown</database>
	</source>
	<size>
		<width>1000</width>
		<height>1000</height>
		<depth>3</depth>
	</size>
	<segmented>0</segmented>
	<object>
		<name>trash</name>
		<pose>Unspecified</pose>
		<truncated>0</truncated>
		<difficult>0</difficult>
		<bndbox>
			<xmin>152</xmin>
			<ymin>3</ymin>
			<xmax>795</xmax>
			<ymax>958</ymax>
		</bndbox>
	</object>
</annotation>
