<annotation>
	<folder>images</folder>
	<filename>0509be5ab05ef4cfbd2febbfa1c18cbb.jpg</filename>
	<path>D:\Image_processing\traning_project\images\0509be5ab05ef4cfbd2febbfa1c18cbb.jpg</path>
	<source>
		<database>Unknown</database>
	</source>
	<size>
		<width>650</width>
		<height>650</height>
		<depth>3</depth>
	</size>
	<segmented>0</segmented>
	<object>
		<name>trash</name>
		<pose>Unspecified</pose>
		<truncated>0</truncated>
		<difficult>0</difficult>
		<bndbox>
			<xmin>28</xmin>
			<ymin>127</ymin>
			<xmax>215</xmax>
			<ymax>466</ymax>
		</bndbox>
	</object>
	<object>
		<name>trash</name>
		<pose>Unspecified</pose>
		<truncated>0</truncated>
		<difficult>0</difficult>
		<bndbox>
			<xmin>217</xmin>
			<ymin>243</ymin>
			<xmax>434</xmax>
			<ymax>557</ymax>
		</bndbox>
	</object>
	<object>
		<name>trash</name>
		<pose>Unspecified</pose>
		<truncated>0</truncated>
		<difficult>0</difficult>
		<bndbox>
			<xmin>388</xmin>
			<ymin>85</ymin>
			<xmax>608</xmax>
			<ymax>429</ymax>
		</bndbox>
	</object>
</annotation>
