<annotation>
	<folder>images</folder>
	<filename>1080x (1).jpg</filename>
	<path>D:\Image_processing\traning_project\images\1080x (1).jpg</path>
	<source>
		<database>Unknown</database>
	</source>
	<size>
		<width>1000</width>
		<height>1000</height>
		<depth>3</depth>
	</size>
	<segmented>0</segmented>
	<object>
		<name>trash</name>
		<pose>Unspecified</pose>
		<truncated>0</truncated>
		<difficult>0</difficult>
		<bndbox>
			<xmin>138</xmin>
			<ymin>292</ymin>
			<xmax>495</xmax>
			<ymax>846</ymax>
		</bndbox>
	</object>
</annotation>
