<annotation>
	<folder>images</folder>
	<filename>131114.jpg</filename>
	<path>D:\Image_processing\traning_project\images\131114.jpg</path>
	<source>
		<database>Unknown</database>
	</source>
	<size>
		<width>792</width>
		<height>555</height>
		<depth>3</depth>
	</size>
	<segmented>0</segmented>
	<object>
		<name>trash</name>
		<pose>Unspecified</pose>
		<truncated>0</truncated>
		<difficult>0</difficult>
		<bndbox>
			<xmin>125</xmin>
			<ymin>11</ymin>
			<xmax>309</xmax>
			<ymax>524</ymax>
		</bndbox>
	</object>
	<object>
		<name>trash</name>
		<pose>Unspecified</pose>
		<truncated>1</truncated>
		<difficult>0</difficult>
		<bndbox>
			<xmin>317</xmin>
			<ymin>6</ymin>
			<xmax>602</xmax>
			<ymax>555</ymax>
		</bndbox>
	</object>
</annotation>
