<annotation>
	<folder>images</folder>
	<filename>1383851479234_1.jpg</filename>
	<path>D:\Image_processing\traning_project\images\1383851479234_1.jpg</path>
	<source>
		<database>Unknown</database>
	</source>
	<size>
		<width>400</width>
		<height>300</height>
		<depth>3</depth>
	</size>
	<segmented>0</segmented>
	<object>
		<name>trash</name>
		<pose>Unspecified</pose>
		<truncated>0</truncated>
		<difficult>0</difficult>
		<bndbox>
			<xmin>64</xmin>
			<ymin>29</ymin>
			<xmax>202</xmax>
			<ymax>219</ymax>
		</bndbox>
	</object>
</annotation>
