<annotation>
	<folder>images</folder>
	<filename>1389_TB2yugQlfiSBuNkSnhJXXbDcpXa_!!3825164733.jpg</filename>
	<path>D:\Image_processing\traning_project\images\1389_TB2yugQlfiSBuNkSnhJXXbDcpXa_!!3825164733.jpg</path>
	<source>
		<database>Unknown</database>
	</source>
	<size>
		<width>800</width>
		<height>689</height>
		<depth>3</depth>
	</size>
	<segmented>0</segmented>
	<object>
		<name>trash</name>
		<pose>Unspecified</pose>
		<truncated>0</truncated>
		<difficult>0</difficult>
		<bndbox>
			<xmin>166</xmin>
			<ymin>105</ymin>
			<xmax>362</xmax>
			<ymax>639</ymax>
		</bndbox>
	</object>
	<object>
		<name>trash</name>
		<pose>Unspecified</pose>
		<truncated>0</truncated>
		<difficult>0</difficult>
		<bndbox>
			<xmin>370</xmin>
			<ymin>105</ymin>
			<xmax>640</xmax>
			<ymax>660</ymax>
		</bndbox>
	</object>
</annotation>
