<annotation>
	<folder>images</folder>
	<filename>1395934_2.jpg</filename>
	<path>D:\Image_processing\traning_project\images\1395934_2.jpg</path>
	<source>
		<database>Unknown</database>
	</source>
	<size>
		<width>600</width>
		<height>432</height>
		<depth>3</depth>
	</size>
	<segmented>0</segmented>
	<object>
		<name>trash</name>
		<pose>Unspecified</pose>
		<truncated>0</truncated>
		<difficult>0</difficult>
		<bndbox>
			<xmin>168</xmin>
			<ymin>81</ymin>
			<xmax>424</xmax>
			<ymax>297</ymax>
		</bndbox>
	</object>
</annotation>
