<annotation>
	<folder>images</folder>
	<filename>14273c1a7e26a2dec29a50dddb3c1af7.jpg</filename>
	<path>D:\Image_processing\traning_project\images\14273c1a7e26a2dec29a50dddb3c1af7.jpg</path>
	<source>
		<database>Unknown</database>
	</source>
	<size>
		<width>715</width>
		<height>635</height>
		<depth>3</depth>
	</size>
	<segmented>0</segmented>
	<object>
		<name>trash</name>
		<pose>Unspecified</pose>
		<truncated>0</truncated>
		<difficult>0</difficult>
		<bndbox>
			<xmin>60</xmin>
			<ymin>194</ymin>
			<xmax>276</xmax>
			<ymax>576</ymax>
		</bndbox>
	</object>
	<object>
		<name>trash</name>
		<pose>Unspecified</pose>
		<truncated>0</truncated>
		<difficult>0</difficult>
		<bndbox>
			<xmin>290</xmin>
			<ymin>141</ymin>
			<xmax>462</xmax>
			<ymax>558</ymax>
		</bndbox>
	</object>
	<object>
		<name>trash</name>
		<pose>Unspecified</pose>
		<truncated>0</truncated>
		<difficult>0</difficult>
		<bndbox>
			<xmin>488</xmin>
			<ymin>90</ymin>
			<xmax>648</xmax>
			<ymax>540</ymax>
		</bndbox>
	</object>
</annotation>
