<annotation>
	<folder>images</folder>
	<filename>145.jpg</filename>
	<path>D:\Image_processing\traning_project\images\145.jpg</path>
	<source>
		<database>Unknown</database>
	</source>
	<size>
		<width>600</width>
		<height>800</height>
		<depth>3</depth>
	</size>
	<segmented>0</segmented>
	<object>
		<name>trash</name>
		<pose>Unspecified</pose>
		<truncated>0</truncated>
		<difficult>0</difficult>
		<bndbox>
			<xmin>59</xmin>
			<ymin>291</ymin>
			<xmax>308</xmax>
			<ymax>744</ymax>
		</bndbox>
	</object>
	<object>
		<name>trash</name>
		<pose>Unspecified</pose>
		<truncated>0</truncated>
		<difficult>0</difficult>
		<bndbox>
			<xmin>314</xmin>
			<ymin>265</ymin>
			<xmax>483</xmax>
			<ymax>722</ymax>
		</bndbox>
	</object>
</annotation>
