<annotation>
	<folder>images</folder>
	<filename>148887444729331.jpg</filename>
	<path>D:\Image_processing\traning_project\images\148887444729331.jpg</path>
	<source>
		<database>Unknown</database>
	</source>
	<size>
		<width>500</width>
		<height>500</height>
		<depth>3</depth>
	</size>
	<segmented>0</segmented>
	<object>
		<name>trash</name>
		<pose>Unspecified</pose>
		<truncated>0</truncated>
		<difficult>0</difficult>
		<bndbox>
			<xmin>98</xmin>
			<ymin>21</ymin>
			<xmax>226</xmax>
			<ymax>399</ymax>
		</bndbox>
	</object>
	<object>
		<name>trash</name>
		<pose>Unspecified</pose>
		<truncated>0</truncated>
		<difficult>0</difficult>
		<bndbox>
			<xmin>231</xmin>
			<ymin>146</ymin>
			<xmax>387</xmax>
			<ymax>496</ymax>
		</bndbox>
	</object>
</annotation>
