<annotation>
	<folder>images</folder>
	<filename>14918.jpg</filename>
	<path>D:\Image_processing\traning_project\images\14918.jpg</path>
	<source>
		<database>Unknown</database>
	</source>
	<size>
		<width>300</width>
		<height>300</height>
		<depth>3</depth>
	</size>
	<segmented>0</segmented>
	<object>
		<name>trash</name>
		<pose>Unspecified</pose>
		<truncated>0</truncated>
		<difficult>0</difficult>
		<bndbox>
			<xmin>45</xmin>
			<ymin>4</ymin>
			<xmax>251</xmax>
			<ymax>291</ymax>
		</bndbox>
	</object>
</annotation>
