<annotation>
	<folder>images</folder>
	<filename>16703455120_default.jpg</filename>
	<path>D:\Image_processing\traning_project\images\16703455120_default.jpg</path>
	<source>
		<database>Unknown</database>
	</source>
	<size>
		<width>800</width>
		<height>800</height>
		<depth>3</depth>
	</size>
	<segmented>0</segmented>
	<object>
		<name>trash</name>
		<pose>Unspecified</pose>
		<truncated>1</truncated>
		<difficult>0</difficult>
		<bndbox>
			<xmin>95</xmin>
			<ymin>1</ymin>
			<xmax>721</xmax>
			<ymax>793</ymax>
		</bndbox>
	</object>
</annotation>
