<annotation>
	<folder>images</folder>
	<filename>16703455190_default.jpg</filename>
	<path>D:\Image_processing\traning_project\images\16703455190_default.jpg</path>
	<source>
		<database>Unknown</database>
	</source>
	<size>
		<width>800</width>
		<height>800</height>
		<depth>3</depth>
	</size>
	<segmented>0</segmented>
	<object>
		<name>trash</name>
		<pose>Unspecified</pose>
		<truncated>0</truncated>
		<difficult>0</difficult>
		<bndbox>
			<xmin>90</xmin>
			<ymin>15</ymin>
			<xmax>717</xmax>
			<ymax>786</ymax>
		</bndbox>
	</object>
</annotation>
