<annotation>
	<folder>images</folder>
	<filename>16704753910_default.jpg</filename>
	<path>D:\Image_processing\traning_project\images\16704753910_default.jpg</path>
	<source>
		<database>Unknown</database>
	</source>
	<size>
		<width>800</width>
		<height>800</height>
		<depth>3</depth>
	</size>
	<segmented>0</segmented>
	<object>
		<name>trash</name>
		<pose>Unspecified</pose>
		<truncated>0</truncated>
		<difficult>0</difficult>
		<bndbox>
			<xmin>359</xmin>
			<ymin>333</ymin>
			<xmax>568</xmax>
			<ymax>600</ymax>
		</bndbox>
	</object>
	<object>
		<name>trash</name>
		<pose>Unspecified</pose>
		<truncated>0</truncated>
		<difficult>0</difficult>
		<bndbox>
			<xmin>577</xmin>
			<ymin>328</ymin>
			<xmax>775</xmax>
			<ymax>607</ymax>
		</bndbox>
	</object>
	<object>
		<name>trash</name>
		<pose>Unspecified</pose>
		<truncated>0</truncated>
		<difficult>0</difficult>
		<bndbox>
			<xmin>460</xmin>
			<ymin>218</ymin>
			<xmax>685</xmax>
			<ymax>323</ymax>
		</bndbox>
	</object>
</annotation>
