<annotation>
	<folder>images</folder>
	<filename>1709806949580710.jpg</filename>
	<path>D:\Image_processing\traning_project\images\1709806949580710.jpg</path>
	<source>
		<database>Unknown</database>
	</source>
	<size>
		<width>536</width>
		<height>363</height>
		<depth>3</depth>
	</size>
	<segmented>0</segmented>
	<object>
		<name>trash</name>
		<pose>Unspecified</pose>
		<truncated>0</truncated>
		<difficult>0</difficult>
		<bndbox>
			<xmin>23</xmin>
			<ymin>24</ymin>
			<xmax>511</xmax>
			<ymax>311</ymax>
		</bndbox>
	</object>
</annotation>
