<annotation>
	<folder>images</folder>
	<filename>18207_840969862849.jpg</filename>
	<path>D:\Image_processing\traning_project\images\18207_840969862849.jpg</path>
	<source>
		<database>Unknown</database>
	</source>
	<size>
		<width>800</width>
		<height>500</height>
		<depth>3</depth>
	</size>
	<segmented>0</segmented>
	<object>
		<name>trash</name>
		<pose>Unspecified</pose>
		<truncated>0</truncated>
		<difficult>0</difficult>
		<bndbox>
			<xmin>239</xmin>
			<ymin>14</ymin>
			<xmax>588</xmax>
			<ymax>497</ymax>
		</bndbox>
	</object>
</annotation>
