<annotation>
	<folder>images</folder>
	<filename>201710301511561.jpg</filename>
	<path>D:\Image_processing\traning_project\images\201710301511561.jpg</path>
	<source>
		<database>Unknown</database>
	</source>
	<size>
		<width>750</width>
		<height>750</height>
		<depth>3</depth>
	</size>
	<segmented>0</segmented>
	<object>
		<name>trash</name>
		<pose>Unspecified</pose>
		<truncated>0</truncated>
		<difficult>0</difficult>
		<bndbox>
			<xmin>114</xmin>
			<ymin>224</ymin>
			<xmax>231</xmax>
			<ymax>547</ymax>
		</bndbox>
	</object>
	<object>
		<name>trash</name>
		<pose>Unspecified</pose>
		<truncated>0</truncated>
		<difficult>0</difficult>
		<bndbox>
			<xmin>248</xmin>
			<ymin>242</ymin>
			<xmax>377</xmax>
			<ymax>593</ymax>
		</bndbox>
	</object>
	<object>
		<name>trash</name>
		<pose>Unspecified</pose>
		<truncated>0</truncated>
		<difficult>0</difficult>
		<bndbox>
			<xmin>399</xmin>
			<ymin>259</ymin>
			<xmax>631</xmax>
			<ymax>611</ymax>
		</bndbox>
	</object>
</annotation>
