<annotation>
	<folder>images</folder>
	<filename>20190709110009cikad2.jpg</filename>
	<path>D:\Image_processing\traning_project\images\20190709110009cikad2.jpg</path>
	<source>
		<database>Unknown</database>
	</source>
	<size>
		<width>650</width>
		<height>464</height>
		<depth>3</depth>
	</size>
	<segmented>0</segmented>
	<object>
		<name>trash</name>
		<pose>Unspecified</pose>
		<truncated>0</truncated>
		<difficult>0</difficult>
		<bndbox>
			<xmin>163</xmin>
			<ymin>48</ymin>
			<xmax>441</xmax>
			<ymax>414</ymax>
		</bndbox>
	</object>
</annotation>
