<annotation>
	<folder>images</folder>
	<filename>202003171608_80943.jpg</filename>
	<path>D:\Image_processing\traning_project\images\202003171608_80943.jpg</path>
	<source>
		<database>Unknown</database>
	</source>
	<size>
		<width>842</width>
		<height>792</height>
		<depth>3</depth>
	</size>
	<segmented>0</segmented>
	<object>
		<name>trash</name>
		<pose>Unspecified</pose>
		<truncated>0</truncated>
		<difficult>0</difficult>
		<bndbox>
			<xmin>38</xmin>
			<ymin>243</ymin>
			<xmax>219</xmax>
			<ymax>486</ymax>
		</bndbox>
	</object>
	<object>
		<name>trash</name>
		<pose>Unspecified</pose>
		<truncated>0</truncated>
		<difficult>0</difficult>
		<bndbox>
			<xmin>224</xmin>
			<ymin>238</ymin>
			<xmax>402</xmax>
			<ymax>489</ymax>
		</bndbox>
	</object>
	<object>
		<name>trash</name>
		<pose>Unspecified</pose>
		<truncated>0</truncated>
		<difficult>0</difficult>
		<bndbox>
			<xmin>406</xmin>
			<ymin>236</ymin>
			<xmax>593</xmax>
			<ymax>484</ymax>
		</bndbox>
	</object>
	<object>
		<name>trash</name>
		<pose>Unspecified</pose>
		<truncated>0</truncated>
		<difficult>0</difficult>
		<bndbox>
			<xmin>598</xmin>
			<ymin>232</ymin>
			<xmax>788</xmax>
			<ymax>495</ymax>
		</bndbox>
	</object>
</annotation>
