<annotation>
	<folder>images</folder>
	<filename>20200717160115luwjz.jpg</filename>
	<path>D:\Image_processing\traning_project\images\20200717160115luwjz.jpg</path>
	<source>
		<database>Unknown</database>
	</source>
	<size>
		<width>620</width>
		<height>620</height>
		<depth>3</depth>
	</size>
	<segmented>0</segmented>
	<object>
		<name>trash</name>
		<pose>Unspecified</pose>
		<truncated>0</truncated>
		<difficult>0</difficult>
		<bndbox>
			<xmin>94</xmin>
			<ymin>243</ymin>
			<xmax>284</xmax>
			<ymax>528</ymax>
		</bndbox>
	</object>
	<object>
		<name>trash</name>
		<pose>Unspecified</pose>
		<truncated>0</truncated>
		<difficult>0</difficult>
		<bndbox>
			<xmin>305</xmin>
			<ymin>256</ymin>
			<xmax>473</xmax>
			<ymax>544</ymax>
		</bndbox>
	</object>
</annotation>
