<annotation>
	<folder>images</folder>
	<filename>20210206003613.jpg</filename>
	<path>D:\Image_processing\traning_project\images\20210206003613.jpg</path>
	<source>
		<database>Unknown</database>
	</source>
	<size>
		<width>656</width>
		<height>437</height>
		<depth>3</depth>
	</size>
	<segmented>0</segmented>
	<object>
		<name>trash</name>
		<pose>Unspecified</pose>
		<truncated>0</truncated>
		<difficult>0</difficult>
		<bndbox>
			<xmin>36</xmin>
			<ymin>58</ymin>
			<xmax>216</xmax>
			<ymax>403</ymax>
		</bndbox>
	</object>
	<object>
		<name>trash</name>
		<pose>Unspecified</pose>
		<truncated>0</truncated>
		<difficult>0</difficult>
		<bndbox>
			<xmin>228</xmin>
			<ymin>59</ymin>
			<xmax>423</xmax>
			<ymax>401</ymax>
		</bndbox>
	</object>
	<object>
		<name>trash</name>
		<pose>Unspecified</pose>
		<truncated>0</truncated>
		<difficult>0</difficult>
		<bndbox>
			<xmin>427</xmin>
			<ymin>55</ymin>
			<xmax>628</xmax>
			<ymax>418</ymax>
		</bndbox>
	</object>
</annotation>
