<annotation>
	<folder>images</folder>
	<filename>20220920032739967797.jpg</filename>
	<path>D:\Image_processing\traning_project\images\20220920032739967797.jpg</path>
	<source>
		<database>Unknown</database>
	</source>
	<size>
		<width>1000</width>
		<height>1000</height>
		<depth>3</depth>
	</size>
	<segmented>0</segmented>
	<object>
		<name>trash</name>
		<pose>Unspecified</pose>
		<truncated>0</truncated>
		<difficult>0</difficult>
		<bndbox>
			<xmin>295</xmin>
			<ymin>192</ymin>
			<xmax>744</xmax>
			<ymax>885</ymax>
		</bndbox>
	</object>
</annotation>
