<annotation>
	<folder>images</folder>
	<filename>202212152121687_l.jpg</filename>
	<path>D:\Image_processing\traning_project\images\202212152121687_l.jpg</path>
	<source>
		<database>Unknown</database>
	</source>
	<size>
		<width>650</width>
		<height>366</height>
		<depth>3</depth>
	</size>
	<segmented>0</segmented>
	<object>
		<name>trash</name>
		<pose>Unspecified</pose>
		<truncated>0</truncated>
		<difficult>0</difficult>
		<bndbox>
			<xmin>267</xmin>
			<ymin>44</ymin>
			<xmax>361</xmax>
			<ymax>311</ymax>
		</bndbox>
	</object>
	<object>
		<name>trash</name>
		<pose>Unspecified</pose>
		<truncated>0</truncated>
		<difficult>0</difficult>
		<bndbox>
			<xmin>373</xmin>
			<ymin>53</ymin>
			<xmax>519</xmax>
			<ymax>328</ymax>
		</bndbox>
	</object>
</annotation>
