<annotation>
	<folder>images</folder>
	<filename>202303211700110.jpg</filename>
	<path>D:\Image_processing\traning_project\images\202303211700110.jpg</path>
	<source>
		<database>Unknown</database>
	</source>
	<size>
		<width>640</width>
		<height>480</height>
		<depth>3</depth>
	</size>
	<segmented>0</segmented>
	<object>
		<name>trash</name>
		<pose>Unspecified</pose>
		<truncated>0</truncated>
		<difficult>0</difficult>
		<bndbox>
			<xmin>162</xmin>
			<ymin>60</ymin>
			<xmax>510</xmax>
			<ymax>423</ymax>
		</bndbox>
	</object>
</annotation>
