<annotation>
	<folder>images</folder>
	<filename>207989fe-a1f4-4d98-ac80-4db912335b83.jpg</filename>
	<path>D:\Image_processing\traning_project\images\207989fe-a1f4-4d98-ac80-4db912335b83.jpg</path>
	<source>
		<database>Unknown</database>
	</source>
	<size>
		<width>700</width>
		<height>700</height>
		<depth>3</depth>
	</size>
	<segmented>0</segmented>
	<object>
		<name>trash</name>
		<pose>Unspecified</pose>
		<truncated>0</truncated>
		<difficult>0</difficult>
		<bndbox>
			<xmin>201</xmin>
			<ymin>53</ymin>
			<xmax>430</xmax>
			<ymax>369</ymax>
		</bndbox>
	</object>
	<object>
		<name>trash</name>
		<pose>Unspecified</pose>
		<truncated>0</truncated>
		<difficult>0</difficult>
		<bndbox>
			<xmin>445</xmin>
			<ymin>55</ymin>
			<xmax>665</xmax>
			<ymax>379</ymax>
		</bndbox>
	</object>
	<object>
		<name>trash</name>
		<pose>Unspecified</pose>
		<truncated>0</truncated>
		<difficult>0</difficult>
		<bndbox>
			<xmin>41</xmin>
			<ymin>376</ymin>
			<xmax>248</xmax>
			<ymax>676</ymax>
		</bndbox>
	</object>
	<object>
		<name>trash</name>
		<pose>Unspecified</pose>
		<truncated>0</truncated>
		<difficult>0</difficult>
		<bndbox>
			<xmin>255</xmin>
			<ymin>379</ymin>
			<xmax>450</xmax>
			<ymax>676</ymax>
		</bndbox>
	</object>
	<object>
		<name>trash</name>
		<pose>Unspecified</pose>
		<truncated>0</truncated>
		<difficult>0</difficult>
		<bndbox>
			<xmin>463</xmin>
			<ymin>389</ymin>
			<xmax>659</xmax>
			<ymax>682</ymax>
		</bndbox>
	</object>
</annotation>
