<annotation>
	<folder>images</folder>
	<filename>20977_G_1441693324804-500x500.jpg</filename>
	<path>D:\Image_processing\traning_project\images\20977_G_1441693324804-500x500.jpg</path>
	<source>
		<database>Unknown</database>
	</source>
	<size>
		<width>500</width>
		<height>500</height>
		<depth>3</depth>
	</size>
	<segmented>0</segmented>
	<object>
		<name>trash</name>
		<pose>Unspecified</pose>
		<truncated>0</truncated>
		<difficult>0</difficult>
		<bndbox>
			<xmin>126</xmin>
			<ymin>90</ymin>
			<xmax>371</xmax>
			<ymax>408</ymax>
		</bndbox>
	</object>
</annotation>
