<annotation>
	<folder>images</folder>
	<filename>21103023859172_478.jpg</filename>
	<path>D:\Image_processing\traning_project\images\21103023859172_478.jpg</path>
	<source>
		<database>Unknown</database>
	</source>
	<size>
		<width>310</width>
		<height>233</height>
		<depth>3</depth>
	</size>
	<segmented>0</segmented>
	<object>
		<name>trash</name>
		<pose>Unspecified</pose>
		<truncated>0</truncated>
		<difficult>0</difficult>
		<bndbox>
			<xmin>21</xmin>
			<ymin>20</ymin>
			<xmax>108</xmax>
			<ymax>177</ymax>
		</bndbox>
	</object>
	<object>
		<name>trash</name>
		<pose>Unspecified</pose>
		<truncated>0</truncated>
		<difficult>0</difficult>
		<bndbox>
			<xmin>104</xmin>
			<ymin>21</ymin>
			<xmax>196</xmax>
			<ymax>187</ymax>
		</bndbox>
	</object>
	<object>
		<name>trash</name>
		<pose>Unspecified</pose>
		<truncated>0</truncated>
		<difficult>0</difficult>
		<bndbox>
			<xmin>180</xmin>
			<ymin>24</ymin>
			<xmax>302</xmax>
			<ymax>197</ymax>
		</bndbox>
	</object>
</annotation>
