<annotation>
	<folder>images</folder>
	<filename>21442524618357_803.jpg</filename>
	<path>D:\Image_processing\traning_project\images\21442524618357_803.jpg</path>
	<source>
		<database>Unknown</database>
	</source>
	<size>
		<width>544</width>
		<height>552</height>
		<depth>3</depth>
	</size>
	<segmented>0</segmented>
	<object>
		<name>trash</name>
		<pose>Unspecified</pose>
		<truncated>0</truncated>
		<difficult>0</difficult>
		<bndbox>
			<xmin>72</xmin>
			<ymin>41</ymin>
			<xmax>471</xmax>
			<ymax>521</ymax>
		</bndbox>
	</object>
</annotation>
