<annotation>
	<folder>images</folder>
	<filename>21508498902817_790.jpg</filename>
	<path>D:\Image_processing\traning_project\images\21508498902817_790.jpg</path>
	<source>
		<database>Unknown</database>
	</source>
	<size>
		<width>410</width>
		<height>376</height>
		<depth>3</depth>
	</size>
	<segmented>0</segmented>
	<object>
		<name>trash</name>
		<pose>Unspecified</pose>
		<truncated>1</truncated>
		<difficult>0</difficult>
		<bndbox>
			<xmin>90</xmin>
			<ymin>1</ymin>
			<xmax>295</xmax>
			<ymax>371</ymax>
		</bndbox>
	</object>
</annotation>
