<annotation>
	<folder>images</folder>
	<filename>21737101739764_824.jpg</filename>
	<path>D:\Image_processing\traning_project\images\21737101739764_824.jpg</path>
	<source>
		<database>Unknown</database>
	</source>
	<size>
		<width>572</width>
		<height>269</height>
		<depth>3</depth>
	</size>
	<segmented>0</segmented>
	<object>
		<name>trash</name>
		<pose>Unspecified</pose>
		<truncated>0</truncated>
		<difficult>0</difficult>
		<bndbox>
			<xmin>8</xmin>
			<ymin>3</ymin>
			<xmax>173</xmax>
			<ymax>245</ymax>
		</bndbox>
	</object>
	<object>
		<name>trash</name>
		<pose>Unspecified</pose>
		<truncated>0</truncated>
		<difficult>0</difficult>
		<bndbox>
			<xmin>205</xmin>
			<ymin>5</ymin>
			<xmax>376</xmax>
			<ymax>254</ymax>
		</bndbox>
	</object>
	<object>
		<name>trash</name>
		<pose>Unspecified</pose>
		<truncated>0</truncated>
		<difficult>0</difficult>
		<bndbox>
			<xmin>400</xmin>
			<ymin>6</ymin>
			<xmax>564</xmax>
			<ymax>248</ymax>
		</bndbox>
	</object>
</annotation>
