<annotation>
	<folder>images</folder>
	<filename>2704561_xxl.jpg</filename>
	<path>D:\Image_processing\traning_project\images\2704561_xxl.jpg</path>
	<source>
		<database>Unknown</database>
	</source>
	<size>
		<width>500</width>
		<height>500</height>
		<depth>3</depth>
	</size>
	<segmented>0</segmented>
	<object>
		<name>trash</name>
		<pose>Unspecified</pose>
		<truncated>0</truncated>
		<difficult>0</difficult>
		<bndbox>
			<xmin>79</xmin>
			<ymin>3</ymin>
			<xmax>432</xmax>
			<ymax>440</ymax>
		</bndbox>
	</object>
</annotation>
