<annotation>
	<folder>images</folder>
	<filename>30480618.jpg</filename>
	<path>D:\Image_processing\traning_project\images\30480618.jpg</path>
	<source>
		<database>Unknown</database>
	</source>
	<size>
		<width>4032</width>
		<height>3024</height>
		<depth>3</depth>
	</size>
	<segmented>0</segmented>
	<object>
		<name>trash</name>
		<pose>Unspecified</pose>
		<truncated>0</truncated>
		<difficult>0</difficult>
		<bndbox>
			<xmin>1123</xmin>
			<ymin>914</ymin>
			<xmax>2120</xmax>
			<ymax>2868</ymax>
		</bndbox>
	</object>
	<object>
		<name>trash</name>
		<pose>Unspecified</pose>
		<truncated>0</truncated>
		<difficult>0</difficult>
		<bndbox>
			<xmin>2209</xmin>
			<ymin>926</ymin>
			<xmax>3177</xmax>
			<ymax>2911</ymax>
		</bndbox>
	</object>
</annotation>
