<annotation>
	<folder>images</folder>
	<filename>3151202500101_NR_00.jpg</filename>
	<path>D:\Image_processing\traning_project\images\3151202500101_NR_00.jpg</path>
	<source>
		<database>Unknown</database>
	</source>
	<size>
		<width>800</width>
		<height>800</height>
		<depth>3</depth>
	</size>
	<segmented>0</segmented>
	<object>
		<name>trash</name>
		<pose>Unspecified</pose>
		<truncated>0</truncated>
		<difficult>0</difficult>
		<bndbox>
			<xmin>21</xmin>
			<ymin>146</ymin>
			<xmax>401</xmax>
			<ymax>651</ymax>
		</bndbox>
	</object>
	<object>
		<name>trash</name>
		<pose>Unspecified</pose>
		<truncated>0</truncated>
		<difficult>0</difficult>
		<bndbox>
			<xmin>423</xmin>
			<ymin>136</ymin>
			<xmax>786</xmax>
			<ymax>661</ymax>
		</bndbox>
	</object>
</annotation>
