<annotation>
	<folder>images</folder>
	<filename>322212.jpg</filename>
	<path>D:\Image_processing\traning_project\images\322212.jpg</path>
	<source>
		<database>Unknown</database>
	</source>
	<size>
		<width>1706</width>
		<height>959</height>
		<depth>3</depth>
	</size>
	<segmented>0</segmented>
	<object>
		<name>trash</name>
		<pose>Unspecified</pose>
		<truncated>0</truncated>
		<difficult>0</difficult>
		<bndbox>
			<xmin>917</xmin>
			<ymin>257</ymin>
			<xmax>1256</xmax>
			<ymax>880</ymax>
		</bndbox>
	</object>
	<object>
		<name>trash</name>
		<pose>Unspecified</pose>
		<truncated>0</truncated>
		<difficult>0</difficult>
		<bndbox>
			<xmin>1284</xmin>
			<ymin>249</ymin>
			<xmax>1587</xmax>
			<ymax>849</ymax>
		</bndbox>
	</object>
	<object>
		<name>trash</name>
		<pose>Unspecified</pose>
		<truncated>0</truncated>
		<difficult>0</difficult>
		<bndbox>
			<xmin>639</xmin>
			<ymin>710</ymin>
			<xmax>826</xmax>
			<ymax>958</ymax>
		</bndbox>
	</object>
</annotation>
