<annotation>
	<folder>images</folder>
	<filename>3997725310444501-7195472a-2e4b-4f6c-bd37-dc65c23583a0.jpg</filename>
	<path>D:\Image_processing\traning_project\images\3997725310444501-7195472a-2e4b-4f6c-bd37-dc65c23583a0.jpg</path>
	<source>
		<database>Unknown</database>
	</source>
	<size>
		<width>492</width>
		<height>492</height>
		<depth>3</depth>
	</size>
	<segmented>0</segmented>
	<object>
		<name>trash</name>
		<pose>Unspecified</pose>
		<truncated>1</truncated>
		<difficult>0</difficult>
		<bndbox>
			<xmin>13</xmin>
			<ymin>1</ymin>
			<xmax>477</xmax>
			<ymax>488</ymax>
		</bndbox>
	</object>
</annotation>
