<annotation>
	<folder>images</folder>
	<filename>4002121bf209744e752d75a8d0ce4cce-Pmyr.jpg</filename>
	<path>D:\Image_processing\traning_project\images\4002121bf209744e752d75a8d0ce4cce-Pmyr.jpg</path>
	<source>
		<database>Unknown</database>
	</source>
	<size>
		<width>800</width>
		<height>800</height>
		<depth>3</depth>
	</size>
	<segmented>0</segmented>
	<object>
		<name>trash</name>
		<pose>Unspecified</pose>
		<truncated>0</truncated>
		<difficult>0</difficult>
		<bndbox>
			<xmin>21</xmin>
			<ymin>122</ymin>
			<xmax>398</xmax>
			<ymax>699</ymax>
		</bndbox>
	</object>
	<object>
		<name>trash</name>
		<pose>Unspecified</pose>
		<truncated>0</truncated>
		<difficult>0</difficult>
		<bndbox>
			<xmin>396</xmin>
			<ymin>93</ymin>
			<xmax>779</xmax>
			<ymax>690</ymax>
		</bndbox>
	</object>
</annotation>
