<annotation>
	<folder>images</folder>
	<filename>4197180_1_1.jpg</filename>
	<path>D:\Image_processing\traning_project\images\4197180_1_1.jpg</path>
	<source>
		<database>Unknown</database>
	</source>
	<size>
		<width>800</width>
		<height>600</height>
		<depth>3</depth>
	</size>
	<segmented>0</segmented>
	<object>
		<name>trash</name>
		<pose>Unspecified</pose>
		<truncated>0</truncated>
		<difficult>0</difficult>
		<bndbox>
			<xmin>235</xmin>
			<ymin>92</ymin>
			<xmax>471</xmax>
			<ymax>487</ymax>
		</bndbox>
	</object>
	<object>
		<name>trash</name>
		<pose>Unspecified</pose>
		<truncated>0</truncated>
		<difficult>0</difficult>
		<bndbox>
			<xmin>470</xmin>
			<ymin>85</ymin>
			<xmax>575</xmax>
			<ymax>439</ymax>
		</bndbox>
	</object>
</annotation>
