<annotation>
	<folder>images</folder>
	<filename>4224558_2_1.jpg</filename>
	<path>D:\Image_processing\traning_project\images\4224558_2_1.jpg</path>
	<source>
		<database>Unknown</database>
	</source>
	<size>
		<width>800</width>
		<height>599</height>
		<depth>3</depth>
	</size>
	<segmented>0</segmented>
	<object>
		<name>trash</name>
		<pose>Unspecified</pose>
		<truncated>0</truncated>
		<difficult>0</difficult>
		<bndbox>
			<xmin>436</xmin>
			<ymin>121</ymin>
			<xmax>650</xmax>
			<ymax>484</ymax>
		</bndbox>
	</object>
</annotation>
