<annotation>
	<folder>images</folder>
	<filename>4297475461_150268798.310x310.jpg</filename>
	<path>D:\Image_processing\traning_project\images\4297475461_150268798.310x310.jpg</path>
	<source>
		<database>Unknown</database>
	</source>
	<size>
		<width>310</width>
		<height>310</height>
		<depth>3</depth>
	</size>
	<segmented>0</segmented>
	<object>
		<name>trash</name>
		<pose>Unspecified</pose>
		<truncated>0</truncated>
		<difficult>0</difficult>
		<bndbox>
			<xmin>48</xmin>
			<ymin>80</ymin>
			<xmax>130</xmax>
			<ymax>212</ymax>
		</bndbox>
	</object>
	<object>
		<name>trash</name>
		<pose>Unspecified</pose>
		<truncated>0</truncated>
		<difficult>0</difficult>
		<bndbox>
			<xmin>173</xmin>
			<ymin>92</ymin>
			<xmax>263</xmax>
			<ymax>233</ymax>
		</bndbox>
	</object>
</annotation>
