<annotation>
	<folder>images</folder>
	<filename>4a3e3144-dbaa-4e0b-8b63-d81607b35d20.jpg</filename>
	<path>D:\Image_processing\traning_project\images\4a3e3144-dbaa-4e0b-8b63-d81607b35d20.jpg</path>
	<source>
		<database>Unknown</database>
	</source>
	<size>
		<width>960</width>
		<height>1281</height>
		<depth>3</depth>
	</size>
	<segmented>0</segmented>
	<object>
		<name>trash</name>
		<pose>Unspecified</pose>
		<truncated>0</truncated>
		<difficult>0</difficult>
		<bndbox>
			<xmin>234</xmin>
			<ymin>154</ymin>
			<xmax>812</xmax>
			<ymax>1043</ymax>
		</bndbox>
	</object>
</annotation>
