<annotation>
	<folder>images</folder>
	<filename>4c18ebdadeaac7ffa36c733d4e437d47.jpg</filename>
	<path>D:\Image_processing\traning_project\images\4c18ebdadeaac7ffa36c733d4e437d47.jpg</path>
	<source>
		<database>Unknown</database>
	</source>
	<size>
		<width>600</width>
		<height>600</height>
		<depth>3</depth>
	</size>
	<segmented>0</segmented>
	<object>
		<name>trash</name>
		<pose>Unspecified</pose>
		<truncated>0</truncated>
		<difficult>0</difficult>
		<bndbox>
			<xmin>53</xmin>
			<ymin>122</ymin>
			<xmax>204</xmax>
			<ymax>435</ymax>
		</bndbox>
	</object>
	<object>
		<name>trash</name>
		<pose>Unspecified</pose>
		<truncated>0</truncated>
		<difficult>0</difficult>
		<bndbox>
			<xmin>179</xmin>
			<ymin>135</ymin>
			<xmax>358</xmax>
			<ymax>483</ymax>
		</bndbox>
	</object>
	<object>
		<name>trash</name>
		<pose>Unspecified</pose>
		<truncated>0</truncated>
		<difficult>0</difficult>
		<bndbox>
			<xmin>318</xmin>
			<ymin>186</ymin>
			<xmax>521</xmax>
			<ymax>519</ymax>
		</bndbox>
	</object>
</annotation>
