<annotation>
	<folder>images</folder>
	<filename>51BUpmF4QLL.jpg</filename>
	<path>D:\Image_processing\traning_project\images\51BUpmF4QLL.jpg</path>
	<source>
		<database>Unknown</database>
	</source>
	<size>
		<width>1600</width>
		<height>1600</height>
		<depth>3</depth>
	</size>
	<segmented>0</segmented>
	<object>
		<name>trash</name>
		<pose>Unspecified</pose>
		<truncated>0</truncated>
		<difficult>0</difficult>
		<bndbox>
			<xmin>281</xmin>
			<ymin>87</ymin>
			<xmax>1282</xmax>
			<ymax>1488</ymax>
		</bndbox>
	</object>
</annotation>
