<annotation>
	<folder>images</folder>
	<filename>550380_445.jpg</filename>
	<path>D:\Image_processing\traning_project\images\550380_445.jpg</path>
	<source>
		<database>Unknown</database>
	</source>
	<size>
		<width>640</width>
		<height>640</height>
		<depth>3</depth>
	</size>
	<segmented>0</segmented>
	<object>
		<name>trash</name>
		<pose>Unspecified</pose>
		<truncated>0</truncated>
		<difficult>0</difficult>
		<bndbox>
			<xmin>77</xmin>
			<ymin>85</ymin>
			<xmax>367</xmax>
			<ymax>612</ymax>
		</bndbox>
	</object>
</annotation>
