<annotation>
	<folder>images</folder>
	<filename>5602f476e942a0fa86ba3a90522b991b.jpg</filename>
	<path>D:\Image_processing\traning_project\images\5602f476e942a0fa86ba3a90522b991b.jpg</path>
	<source>
		<database>Unknown</database>
	</source>
	<size>
		<width>800</width>
		<height>800</height>
		<depth>3</depth>
	</size>
	<segmented>0</segmented>
	<object>
		<name>trash</name>
		<pose>Unspecified</pose>
		<truncated>0</truncated>
		<difficult>0</difficult>
		<bndbox>
			<xmin>33</xmin>
			<ymin>192</ymin>
			<xmax>282</xmax>
			<ymax>671</ymax>
		</bndbox>
	</object>
	<object>
		<name>trash</name>
		<pose>Unspecified</pose>
		<truncated>0</truncated>
		<difficult>0</difficult>
		<bndbox>
			<xmin>281</xmin>
			<ymin>182</ymin>
			<xmax>524</xmax>
			<ymax>683</ymax>
		</bndbox>
	</object>
	<object>
		<name>trash</name>
		<pose>Unspecified</pose>
		<truncated>0</truncated>
		<difficult>0</difficult>
		<bndbox>
			<xmin>514</xmin>
			<ymin>184</ymin>
			<xmax>783</xmax>
			<ymax>689</ymax>
		</bndbox>
	</object>
</annotation>
