<annotation>
	<folder>images</folder>
	<filename>5663.jpg</filename>
	<path>D:\Image_processing\traning_project\images\5663.jpg</path>
	<source>
		<database>Unknown</database>
	</source>
	<size>
		<width>375</width>
		<height>375</height>
		<depth>3</depth>
	</size>
	<segmented>0</segmented>
	<object>
		<name>trash</name>
		<pose>Unspecified</pose>
		<truncated>0</truncated>
		<difficult>0</difficult>
		<bndbox>
			<xmin>34</xmin>
			<ymin>19</ymin>
			<xmax>342</xmax>
			<ymax>354</ymax>
		</bndbox>
	</object>
</annotation>
