<annotation>
	<folder>images</folder>
	<filename>573010143853.jpg</filename>
	<path>D:\Image_processing\traning_project\images\573010143853.jpg</path>
	<source>
		<database>Unknown</database>
	</source>
	<size>
		<width>400</width>
		<height>300</height>
		<depth>3</depth>
	</size>
	<segmented>0</segmented>
	<object>
		<name>trash</name>
		<pose>Unspecified</pose>
		<truncated>0</truncated>
		<difficult>0</difficult>
		<bndbox>
			<xmin>38</xmin>
			<ymin>87</ymin>
			<xmax>164</xmax>
			<ymax>280</ymax>
		</bndbox>
	</object>
	<object>
		<name>trash</name>
		<pose>Unspecified</pose>
		<truncated>0</truncated>
		<difficult>0</difficult>
		<bndbox>
			<xmin>185</xmin>
			<ymin>95</ymin>
			<xmax>302</xmax>
			<ymax>298</ymax>
		</bndbox>
	</object>
</annotation>
