<annotation>
	<folder>images</folder>
	<filename>578088757143958-96d4e1d6-bd07-4b68-a278-a11eb87e30fb.jpg</filename>
	<path>D:\Image_processing\traning_project\images\578088757143958-96d4e1d6-bd07-4b68-a278-a11eb87e30fb.jpg</path>
	<source>
		<database>Unknown</database>
	</source>
	<size>
		<width>492</width>
		<height>492</height>
		<depth>3</depth>
	</size>
	<segmented>0</segmented>
	<object>
		<name>trash</name>
		<pose>Unspecified</pose>
		<truncated>0</truncated>
		<difficult>0</difficult>
		<bndbox>
			<xmin>19</xmin>
			<ymin>110</ymin>
			<xmax>163</xmax>
			<ymax>366</ymax>
		</bndbox>
	</object>
	<object>
		<name>trash</name>
		<pose>Unspecified</pose>
		<truncated>0</truncated>
		<difficult>0</difficult>
		<bndbox>
			<xmin>166</xmin>
			<ymin>122</ymin>
			<xmax>315</xmax>
			<ymax>379</ymax>
		</bndbox>
	</object>
	<object>
		<name>trash</name>
		<pose>Unspecified</pose>
		<truncated>0</truncated>
		<difficult>0</difficult>
		<bndbox>
			<xmin>319</xmin>
			<ymin>130</ymin>
			<xmax>480</xmax>
			<ymax>391</ymax>
		</bndbox>
	</object>
</annotation>
