<annotation>
	<folder>images</folder>
	<filename>5904fc903ab05b165d3b668961bfd363.jpg</filename>
	<path>D:\Image_processing\traning_project\images\5904fc903ab05b165d3b668961bfd363.jpg</path>
	<source>
		<database>Unknown</database>
	</source>
	<size>
		<width>800</width>
		<height>800</height>
		<depth>3</depth>
	</size>
	<segmented>0</segmented>
	<object>
		<name>trash</name>
		<pose>Unspecified</pose>
		<truncated>0</truncated>
		<difficult>0</difficult>
		<bndbox>
			<xmin>191</xmin>
			<ymin>228</ymin>
			<xmax>307</xmax>
			<ymax>627</ymax>
		</bndbox>
	</object>
	<object>
		<name>trash</name>
		<pose>Unspecified</pose>
		<truncated>0</truncated>
		<difficult>0</difficult>
		<bndbox>
			<xmin>314</xmin>
			<ymin>243</ymin>
			<xmax>446</xmax>
			<ymax>673</ymax>
		</bndbox>
	</object>
	<object>
		<name>trash</name>
		<pose>Unspecified</pose>
		<truncated>0</truncated>
		<difficult>0</difficult>
		<bndbox>
			<xmin>452</xmin>
			<ymin>309</ymin>
			<xmax>696</xmax>
			<ymax>659</ymax>
		</bndbox>
	</object>
</annotation>
