<annotation>
	<folder>images</folder>
	<filename>6b5eb62f628ddec5.jpg</filename>
	<path>D:\Image_processing\traning_project\images\6b5eb62f628ddec5.jpg</path>
	<source>
		<database>Unknown</database>
	</source>
	<size>
		<width>350</width>
		<height>350</height>
		<depth>3</depth>
	</size>
	<segmented>0</segmented>
	<object>
		<name>trash</name>
		<pose>Unspecified</pose>
		<truncated>0</truncated>
		<difficult>0</difficult>
		<bndbox>
			<xmin>78</xmin>
			<ymin>61</ymin>
			<xmax>188</xmax>
			<ymax>275</ymax>
		</bndbox>
	</object>
	<object>
		<name>trash</name>
		<pose>Unspecified</pose>
		<truncated>0</truncated>
		<difficult>0</difficult>
		<bndbox>
			<xmin>214</xmin>
			<ymin>51</ymin>
			<xmax>285</xmax>
			<ymax>247</ymax>
		</bndbox>
	</object>
</annotation>
