<annotation>
	<folder>images</folder>
	<filename>74ff3fd739a8286f8da684985f0e1a51-8joG.jpg</filename>
	<path>D:\Image_processing\traning_project\images\74ff3fd739a8286f8da684985f0e1a51-8joG.jpg</path>
	<source>
		<database>Unknown</database>
	</source>
	<size>
		<width>800</width>
		<height>800</height>
		<depth>3</depth>
	</size>
	<segmented>0</segmented>
	<object>
		<name>trash</name>
		<pose>Unspecified</pose>
		<truncated>0</truncated>
		<difficult>0</difficult>
		<bndbox>
			<xmin>121</xmin>
			<ymin>36</ymin>
			<xmax>652</xmax>
			<ymax>709</ymax>
		</bndbox>
	</object>
</annotation>
