<annotation>
	<folder>images</folder>
	<filename>7798576_L.jpg</filename>
	<path>D:\Image_processing\traning_project\images\7798576_L.jpg</path>
	<source>
		<database>Unknown</database>
	</source>
	<size>
		<width>320</width>
		<height>320</height>
		<depth>3</depth>
	</size>
	<segmented>0</segmented>
	<object>
		<name>trash</name>
		<pose>Unspecified</pose>
		<truncated>0</truncated>
		<difficult>0</difficult>
		<bndbox>
			<xmin>121</xmin>
			<ymin>33</ymin>
			<xmax>230</xmax>
			<ymax>297</ymax>
		</bndbox>
	</object>
</annotation>
