<annotation>
	<folder>images</folder>
	<filename>800x (6).jpg</filename>
	<path>D:\Image_processing\traning_project\images\800x (6).jpg</path>
	<source>
		<database>Unknown</database>
	</source>
	<size>
		<width>800</width>
		<height>799</height>
		<depth>3</depth>
	</size>
	<segmented>0</segmented>
	<object>
		<name>trash</name>
		<pose>Unspecified</pose>
		<truncated>0</truncated>
		<difficult>0</difficult>
		<bndbox>
			<xmin>136</xmin>
			<ymin>64</ymin>
			<xmax>685</xmax>
			<ymax>701</ymax>
		</bndbox>
	</object>
</annotation>
