<annotation>
	<folder>images</folder>
	<filename>800x (5).jpg</filename>
	<path>D:\Image_processing\traning_project\images\800x (5).jpg</path>
	<source>
		<database>Unknown</database>
	</source>
	<size>
		<width>800</width>
		<height>800</height>
		<depth>3</depth>
	</size>
	<segmented>0</segmented>
	<object>
		<name>trash</name>
		<pose>Unspecified</pose>
		<truncated>0</truncated>
		<difficult>0</difficult>
		<bndbox>
			<xmin>283</xmin>
			<ymin>68</ymin>
			<xmax>630</xmax>
			<ymax>682</ymax>
		</bndbox>
	</object>
</annotation>
