<annotation>
	<folder>images</folder>
	<filename>800x (7).jpg</filename>
	<path>D:\Image_processing\traning_project\images\800x (7).jpg</path>
	<source>
		<database>Unknown</database>
	</source>
	<size>
		<width>401</width>
		<height>401</height>
		<depth>3</depth>
	</size>
	<segmented>0</segmented>
	<object>
		<name>trash</name>
		<pose>Unspecified</pose>
		<truncated>0</truncated>
		<difficult>0</difficult>
		<bndbox>
			<xmin>12</xmin>
			<ymin>4</ymin>
			<xmax>374</xmax>
			<ymax>354</ymax>
		</bndbox>
	</object>
</annotation>
