<annotation>
	<folder>images</folder>
	<filename>800x (2).jpg</filename>
	<path>D:\Image_processing\traning_project\images\800x (2).jpg</path>
	<source>
		<database>Unknown</database>
	</source>
	<size>
		<width>800</width>
		<height>801</height>
		<depth>3</depth>
	</size>
	<segmented>0</segmented>
	<object>
		<name>trash</name>
		<pose>Unspecified</pose>
		<truncated>0</truncated>
		<difficult>0</difficult>
		<bndbox>
			<xmin>125</xmin>
			<ymin>96</ymin>
			<xmax>722</xmax>
			<ymax>687</ymax>
		</bndbox>
	</object>
</annotation>
