<annotation>
	<folder>images</folder>
	<filename>a485ec9d65cb4573be9c8b8d2de51181.jpg</filename>
	<path>D:\Image_processing\traning_project\images\a485ec9d65cb4573be9c8b8d2de51181.jpg</path>
	<source>
		<database>Unknown</database>
	</source>
	<size>
		<width>600</width>
		<height>600</height>
		<depth>3</depth>
	</size>
	<segmented>0</segmented>
	<object>
		<name>trash</name>
		<pose>Unspecified</pose>
		<truncated>0</truncated>
		<difficult>0</difficult>
		<bndbox>
			<xmin>10</xmin>
			<ymin>151</ymin>
			<xmax>212</xmax>
			<ymax>424</ymax>
		</bndbox>
	</object>
	<object>
		<name>trash</name>
		<pose>Unspecified</pose>
		<truncated>0</truncated>
		<difficult>0</difficult>
		<bndbox>
			<xmin>230</xmin>
			<ymin>153</ymin>
			<xmax>394</xmax>
			<ymax>445</ymax>
		</bndbox>
	</object>
	<object>
		<name>trash</name>
		<pose>Unspecified</pose>
		<truncated>0</truncated>
		<difficult>0</difficult>
		<bndbox>
			<xmin>402</xmin>
			<ymin>148</ymin>
			<xmax>568</xmax>
			<ymax>462</ymax>
		</bndbox>
	</object>
</annotation>
