<annotation>
	<folder>images</folder>
	<filename>a9c1ddffa971508825810dd5872abf5f.jpg</filename>
	<path>D:\Image_processing\traning_project\images\a9c1ddffa971508825810dd5872abf5f.jpg</path>
	<source>
		<database>Unknown</database>
	</source>
	<size>
		<width>800</width>
		<height>800</height>
		<depth>3</depth>
	</size>
	<segmented>0</segmented>
	<object>
		<name>trash</name>
		<pose>Unspecified</pose>
		<truncated>0</truncated>
		<difficult>0</difficult>
		<bndbox>
			<xmin>137</xmin>
			<ymin>161</ymin>
			<xmax>387</xmax>
			<ymax>714</ymax>
		</bndbox>
	</object>
	<object>
		<name>trash</name>
		<pose>Unspecified</pose>
		<truncated>0</truncated>
		<difficult>0</difficult>
		<bndbox>
			<xmin>417</xmin>
			<ymin>375</ymin>
			<xmax>680</xmax>
			<ymax>659</ymax>
		</bndbox>
	</object>
</annotation>
