<annotation>
	<folder>images</folder>
	<filename>ada1f6a3f4946b510a4e397548db4431-SxKC.jpg</filename>
	<path>D:\Image_processing\traning_project\images\ada1f6a3f4946b510a4e397548db4431-SxKC.jpg</path>
	<source>
		<database>Unknown</database>
	</source>
	<size>
		<width>800</width>
		<height>800</height>
		<depth>3</depth>
	</size>
	<segmented>0</segmented>
	<object>
		<name>trash</name>
		<pose>Unspecified</pose>
		<truncated>0</truncated>
		<difficult>0</difficult>
		<bndbox>
			<xmin>47</xmin>
			<ymin>260</ymin>
			<xmax>290</xmax>
			<ymax>645</ymax>
		</bndbox>
	</object>
	<object>
		<name>trash</name>
		<pose>Unspecified</pose>
		<truncated>0</truncated>
		<difficult>0</difficult>
		<bndbox>
			<xmin>255</xmin>
			<ymin>215</ymin>
			<xmax>490</xmax>
			<ymax>620</ymax>
		</bndbox>
	</object>
	<object>
		<name>trash</name>
		<pose>Unspecified</pose>
		<truncated>0</truncated>
		<difficult>0</difficult>
		<bndbox>
			<xmin>481</xmin>
			<ymin>135</ymin>
			<xmax>727</xmax>
			<ymax>618</ymax>
		</bndbox>
	</object>
</annotation>
