<annotation>
	<folder>images</folder>
	<filename>af1927222078d49d452a0e1b013bdaed.jpg</filename>
	<path>D:\Image_processing\traning_project\images\af1927222078d49d452a0e1b013bdaed.jpg</path>
	<source>
		<database>Unknown</database>
	</source>
	<size>
		<width>800</width>
		<height>800</height>
		<depth>3</depth>
	</size>
	<segmented>0</segmented>
	<object>
		<name>trash</name>
		<pose>Unspecified</pose>
		<truncated>0</truncated>
		<difficult>0</difficult>
		<bndbox>
			<xmin>138</xmin>
			<ymin>163</ymin>
			<xmax>279</xmax>
			<ymax>568</ymax>
		</bndbox>
	</object>
	<object>
		<name>trash</name>
		<pose>Unspecified</pose>
		<truncated>0</truncated>
		<difficult>0</difficult>
		<bndbox>
			<xmin>295</xmin>
			<ymin>163</ymin>
			<xmax>450</xmax>
			<ymax>588</ymax>
		</bndbox>
	</object>
	<object>
		<name>trash</name>
		<pose>Unspecified</pose>
		<truncated>0</truncated>
		<difficult>0</difficult>
		<bndbox>
			<xmin>449</xmin>
			<ymin>160</ymin>
			<xmax>662</xmax>
			<ymax>609</ymax>
		</bndbox>
	</object>
</annotation>
