<annotation>
	<folder>images</folder>
	<filename>af42c664-b3be-4f11-8c15-351dfbd8664b.jpg</filename>
	<path>D:\Image_processing\traning_project\images\af42c664-b3be-4f11-8c15-351dfbd8664b.jpg</path>
	<source>
		<database>Unknown</database>
	</source>
	<size>
		<width>1080</width>
		<height>525</height>
		<depth>3</depth>
	</size>
	<segmented>0</segmented>
	<object>
		<name>trash</name>
		<pose>Unspecified</pose>
		<truncated>0</truncated>
		<difficult>0</difficult>
		<bndbox>
			<xmin>30</xmin>
			<ymin>135</ymin>
			<xmax>210</xmax>
			<ymax>405</ymax>
		</bndbox>
	</object>
	<object>
		<name>trash</name>
		<pose>Unspecified</pose>
		<truncated>0</truncated>
		<difficult>0</difficult>
		<bndbox>
			<xmin>211</xmin>
			<ymin>134</ymin>
			<xmax>376</xmax>
			<ymax>410</ymax>
		</bndbox>
	</object>
	<object>
		<name>trash</name>
		<pose>Unspecified</pose>
		<truncated>0</truncated>
		<difficult>0</difficult>
		<bndbox>
			<xmin>377</xmin>
			<ymin>128</ymin>
			<xmax>527</xmax>
			<ymax>412</ymax>
		</bndbox>
	</object>
	<object>
		<name>trash</name>
		<pose>Unspecified</pose>
		<truncated>0</truncated>
		<difficult>0</difficult>
		<bndbox>
			<xmin>544</xmin>
			<ymin>139</ymin>
			<xmax>692</xmax>
			<ymax>401</ymax>
		</bndbox>
	</object>
	<object>
		<name>trash</name>
		<pose>Unspecified</pose>
		<truncated>0</truncated>
		<difficult>0</difficult>
		<bndbox>
			<xmin>705</xmin>
			<ymin>133</ymin>
			<xmax>869</xmax>
			<ymax>425</ymax>
		</bndbox>
	</object>
	<object>
		<name>trash</name>
		<pose>Unspecified</pose>
		<truncated>0</truncated>
		<difficult>0</difficult>
		<bndbox>
			<xmin>873</xmin>
			<ymin>129</ymin>
			<xmax>1026</xmax>
			<ymax>405</ymax>
		</bndbox>
	</object>
</annotation>
