<annotation>
	<folder>images</folder>
	<filename>cancan.jpg</filename>
	<path>D:\Image_processing\traning_project\images\cancan.jpg</path>
	<source>
		<database>Unknown</database>
	</source>
	<size>
		<width>370</width>
		<height>370</height>
		<depth>3</depth>
	</size>
	<segmented>0</segmented>
	<object>
		<name>trash</name>
		<pose>Unspecified</pose>
		<truncated>0</truncated>
		<difficult>0</difficult>
		<bndbox>
			<xmin>6</xmin>
			<ymin>93</ymin>
			<xmax>184</xmax>
			<ymax>314</ymax>
		</bndbox>
	</object>
	<object>
		<name>trash</name>
		<pose>Unspecified</pose>
		<truncated>0</truncated>
		<difficult>0</difficult>
		<bndbox>
			<xmin>183</xmin>
			<ymin>69</ymin>
			<xmax>363</xmax>
			<ymax>305</ymax>
		</bndbox>
	</object>
</annotation>
