<annotation>
	<folder>images</folder>
	<filename>cf1e92a0-a638-4ca2-af90-808ed8ff858d.jpg</filename>
	<path>D:\Image_processing\traning_project\images\cf1e92a0-a638-4ca2-af90-808ed8ff858d.jpg</path>
	<source>
		<database>Unknown</database>
	</source>
	<size>
		<width>233</width>
		<height>310</height>
		<depth>3</depth>
	</size>
	<segmented>0</segmented>
	<object>
		<name>trash</name>
		<pose>Unspecified</pose>
		<truncated>0</truncated>
		<difficult>0</difficult>
		<bndbox>
			<xmin>10</xmin>
			<ymin>17</ymin>
			<xmax>220</xmax>
			<ymax>297</ymax>
		</bndbox>
	</object>
</annotation>
