<annotation>
	<folder>images</folder>
	<filename>d0d3df1f73fa3ae679c516e97f2feb8e-cr-627x627.jpg</filename>
	<path>D:\Image_processing\traning_project\images\d0d3df1f73fa3ae679c516e97f2feb8e-cr-627x627.jpg</path>
	<source>
		<database>Unknown</database>
	</source>
	<size>
		<width>627</width>
		<height>627</height>
		<depth>3</depth>
	</size>
	<segmented>0</segmented>
	<object>
		<name>trash</name>
		<pose>Unspecified</pose>
		<truncated>0</truncated>
		<difficult>0</difficult>
		<bndbox>
			<xmin>84</xmin>
			<ymin>7</ymin>
			<xmax>531</xmax>
			<ymax>623</ymax>
		</bndbox>
	</object>
</annotation>
