<annotation>
	<folder>images</folder>
	<filename>d490600dd1e365cee30e987b257cc0f9-627x627.jpg</filename>
	<path>D:\Image_processing\traning_project\images\d490600dd1e365cee30e987b257cc0f9-627x627.jpg</path>
	<source>
		<database>Unknown</database>
	</source>
	<size>
		<width>627</width>
		<height>627</height>
		<depth>3</depth>
	</size>
	<segmented>0</segmented>
	<object>
		<name>trash</name>
		<pose>Unspecified</pose>
		<truncated>0</truncated>
		<difficult>0</difficult>
		<bndbox>
			<xmin>101</xmin>
			<ymin>39</ymin>
			<xmax>520</xmax>
			<ymax>593</ymax>
		</bndbox>
	</object>
</annotation>
