<annotation>
	<folder>images</folder>
	<filename>e7ef52229ae19088bd8acbfd9c03b932.jpg</filename>
	<path>D:\Image_processing\traning_project\images\e7ef52229ae19088bd8acbfd9c03b932.jpg</path>
	<source>
		<database>Unknown</database>
	</source>
	<size>
		<width>775</width>
		<height>795</height>
		<depth>3</depth>
	</size>
	<segmented>0</segmented>
	<object>
		<name>trash</name>
		<pose>Unspecified</pose>
		<truncated>0</truncated>
		<difficult>0</difficult>
		<bndbox>
			<xmin>267</xmin>
			<ymin>310</ymin>
			<xmax>482</xmax>
			<ymax>736</ymax>
		</bndbox>
	</object>
	<object>
		<name>trash</name>
		<pose>Unspecified</pose>
		<truncated>0</truncated>
		<difficult>0</difficult>
		<bndbox>
			<xmin>113</xmin>
			<ymin>170</ymin>
			<xmax>326</xmax>
			<ymax>644</ymax>
		</bndbox>
	</object>
	<object>
		<name>trash</name>
		<pose>Unspecified</pose>
		<truncated>0</truncated>
		<difficult>0</difficult>
		<bndbox>
			<xmin>410</xmin>
			<ymin>176</ymin>
			<xmax>638</xmax>
			<ymax>668</ymax>
		</bndbox>
	</object>
	<object>
		<name>trash</name>
		<pose>Unspecified</pose>
		<truncated>0</truncated>
		<difficult>0</difficult>
		<bndbox>
			<xmin>492</xmin>
			<ymin>49</ymin>
			<xmax>732</xmax>
			<ymax>184</ymax>
		</bndbox>
	</object>
	<object>
		<name>trash</name>
		<pose>Unspecified</pose>
		<truncated>0</truncated>
		<difficult>0</difficult>
		<bndbox>
			<xmin>18</xmin>
			<ymin>55</ymin>
			<xmax>272</xmax>
			<ymax>188</ymax>
		</bndbox>
	</object>
</annotation>
