<annotation>
	<folder>images</folder>
	<filename>ERB-240Y.jpg</filename>
	<path>D:\Image_processing\traning_project\images\ERB-240Y.jpg</path>
	<source>
		<database>Unknown</database>
	</source>
	<size>
		<width>470</width>
		<height>470</height>
		<depth>3</depth>
	</size>
	<segmented>0</segmented>
	<object>
		<name>trash</name>
		<pose>Unspecified</pose>
		<truncated>0</truncated>
		<difficult>0</difficult>
		<bndbox>
			<xmin>96</xmin>
			<ymin>21</ymin>
			<xmax>375</xmax>
			<ymax>462</ymax>
		</bndbox>
	</object>
</annotation>
