<annotation>
	<folder>images</folder>
	<filename>fde4a6196a448f97e9788dd8f60851e7-rnx4.jpg</filename>
	<path>D:\Image_processing\traning_project\images\fde4a6196a448f97e9788dd8f60851e7-rnx4.jpg</path>
	<source>
		<database>Unknown</database>
	</source>
	<size>
		<width>800</width>
		<height>800</height>
		<depth>3</depth>
	</size>
	<segmented>0</segmented>
	<object>
		<name>trash</name>
		<pose>Unspecified</pose>
		<truncated>0</truncated>
		<difficult>0</difficult>
		<bndbox>
			<xmin>186</xmin>
			<ymin>59</ymin>
			<xmax>586</xmax>
			<ymax>767</ymax>
		</bndbox>
	</object>
</annotation>
