<annotation>
	<folder>images</folder>
	<filename>garbagebin-1100l-a2.jpg</filename>
	<path>D:\Image_processing\traning_project\images\garbagebin-1100l-a2.jpg</path>
	<source>
		<database>Unknown</database>
	</source>
	<size>
		<width>1019</width>
		<height>1020</height>
		<depth>3</depth>
	</size>
	<segmented>0</segmented>
	<object>
		<name>trash</name>
		<pose>Unspecified</pose>
		<truncated>0</truncated>
		<difficult>0</difficult>
		<bndbox>
			<xmin>55</xmin>
			<ymin>28</ymin>
			<xmax>1001</xmax>
			<ymax>962</ymax>
		</bndbox>
	</object>
</annotation>
