<annotation>
	<folder>images</folder>
	<filename>GEO1001-300x300.jpg</filename>
	<path>D:\Image_processing\traning_project\images\GEO1001-300x300.jpg</path>
	<source>
		<database>Unknown</database>
	</source>
	<size>
		<width>300</width>
		<height>300</height>
		<depth>3</depth>
	</size>
	<segmented>0</segmented>
	<object>
		<name>trash</name>
		<pose>Unspecified</pose>
		<truncated>0</truncated>
		<difficult>0</difficult>
		<bndbox>
			<xmin>11</xmin>
			<ymin>20</ymin>
			<xmax>134</xmax>
			<ymax>258</ymax>
		</bndbox>
	</object>
	<object>
		<name>trash</name>
		<pose>Unspecified</pose>
		<truncated>0</truncated>
		<difficult>0</difficult>
		<bndbox>
			<xmin>128</xmin>
			<ymin>30</ymin>
			<xmax>287</xmax>
			<ymax>285</ymax>
		</bndbox>
	</object>
</annotation>
