<annotation>
	<folder>images</folder>
	<filename>LF2A3759.jpg</filename>
	<path>D:\Image_processing\traning_project\images\LF2A3759.jpg</path>
	<source>
		<database>Unknown</database>
	</source>
	<size>
		<width>1066</width>
		<height>1600</height>
		<depth>3</depth>
	</size>
	<segmented>0</segmented>
	<object>
		<name>trash</name>
		<pose>Unspecified</pose>
		<truncated>0</truncated>
		<difficult>0</difficult>
		<bndbox>
			<xmin>465</xmin>
			<ymin>1048</ymin>
			<xmax>741</xmax>
			<ymax>1537</ymax>
		</bndbox>
	</object>
</annotation>
