<annotation>
	<folder>images</folder>
	<filename>MY-902A2.jpg</filename>
	<path>D:\Image_processing\traning_project\images\MY-902A2.jpg</path>
	<source>
		<database>Unknown</database>
	</source>
	<size>
		<width>578</width>
		<height>665</height>
		<depth>3</depth>
	</size>
	<segmented>0</segmented>
	<object>
		<name>trash</name>
		<pose>Unspecified</pose>
		<truncated>0</truncated>
		<difficult>0</difficult>
		<bndbox>
			<xmin>22</xmin>
			<ymin>39</ymin>
			<xmax>549</xmax>
			<ymax>642</ymax>
		</bndbox>
	</object>
</annotation>
