<annotation>
	<folder>images</folder>
	<filename>NCNC.jpg</filename>
	<path>D:\Image_processing\traning_project\images\NCNC.jpg</path>
	<source>
		<database>Unknown</database>
	</source>
	<size>
		<width>803</width>
		<height>815</height>
		<depth>3</depth>
	</size>
	<segmented>0</segmented>
	<object>
		<name>trash</name>
		<pose>Unspecified</pose>
		<truncated>0</truncated>
		<difficult>0</difficult>
		<bndbox>
			<xmin>20</xmin>
			<ymin>250</ymin>
			<xmax>189</xmax>
			<ymax>560</ymax>
		</bndbox>
	</object>
	<object>
		<name>trash</name>
		<pose>Unspecified</pose>
		<truncated>0</truncated>
		<difficult>0</difficult>
		<bndbox>
			<xmin>177</xmin>
			<ymin>247</ymin>
			<xmax>345</xmax>
			<ymax>555</ymax>
		</bndbox>
	</object>
	<object>
		<name>trash</name>
		<pose>Unspecified</pose>
		<truncated>0</truncated>
		<difficult>0</difficult>
		<bndbox>
			<xmin>343</xmin>
			<ymin>256</ymin>
			<xmax>486</xmax>
			<ymax>569</ymax>
		</bndbox>
	</object>
	<object>
		<name>trash</name>
		<pose>Unspecified</pose>
		<truncated>0</truncated>
		<difficult>0</difficult>
		<bndbox>
			<xmin>486</xmin>
			<ymin>257</ymin>
			<xmax>623</xmax>
			<ymax>570</ymax>
		</bndbox>
	</object>
	<object>
		<name>trash</name>
		<pose>Unspecified</pose>
		<truncated>0</truncated>
		<difficult>0</difficult>
		<bndbox>
			<xmin>640</xmin>
			<ymin>267</ymin>
			<xmax>776</xmax>
			<ymax>603</ymax>
		</bndbox>
	</object>
</annotation>
