<annotation>
	<folder>images</folder>
	<filename>original.jpg</filename>
	<path>D:\Image_processing\traning_project\images\original.jpg</path>
	<source>
		<database>Unknown</database>
	</source>
	<size>
		<width>350</width>
		<height>350</height>
		<depth>3</depth>
	</size>
	<segmented>0</segmented>
	<object>
		<name>trash</name>
		<pose>Unspecified</pose>
		<truncated>0</truncated>
		<difficult>0</difficult>
		<bndbox>
			<xmin>36</xmin>
			<ymin>7</ymin>
			<xmax>313</xmax>
			<ymax>335</ymax>
		</bndbox>
	</object>
</annotation>
