<annotation>
	<folder>images</folder>
	<filename>original (2).jpg</filename>
	<path>D:\Image_processing\traning_project\images\original (2).jpg</path>
	<source>
		<database>Unknown</database>
	</source>
	<size>
		<width>640</width>
		<height>530</height>
		<depth>3</depth>
	</size>
	<segmented>0</segmented>
	<object>
		<name>trash</name>
		<pose>Unspecified</pose>
		<truncated>0</truncated>
		<difficult>0</difficult>
		<bndbox>
			<xmin>171</xmin>
			<ymin>22</ymin>
			<xmax>478</xmax>
			<ymax>493</ymax>
		</bndbox>
	</object>
</annotation>
