<annotation>
	<folder>images</folder>
	<filename>original (1).jpg</filename>
	<path>D:\Image_processing\traning_project\images\original (1).jpg</path>
	<source>
		<database>Unknown</database>
	</source>
	<size>
		<width>1144</width>
		<height>716</height>
		<depth>3</depth>
	</size>
	<segmented>0</segmented>
	<object>
		<name>trash</name>
		<pose>Unspecified</pose>
		<truncated>0</truncated>
		<difficult>0</difficult>
		<bndbox>
			<xmin>40</xmin>
			<ymin>52</ymin>
			<xmax>425</xmax>
			<ymax>649</ymax>
		</bndbox>
	</object>
	<object>
		<name>trash</name>
		<pose>Unspecified</pose>
		<truncated>0</truncated>
		<difficult>0</difficult>
		<bndbox>
			<xmin>421</xmin>
			<ymin>44</ymin>
			<xmax>773</xmax>
			<ymax>668</ymax>
		</bndbox>
	</object>
	<object>
		<name>trash</name>
		<pose>Unspecified</pose>
		<truncated>0</truncated>
		<difficult>0</difficult>
		<bndbox>
			<xmin>743</xmin>
			<ymin>29</ymin>
			<xmax>1124</xmax>
			<ymax>666</ymax>
		</bndbox>
	</object>
</annotation>
