<annotation>
	<folder>images</folder>
	<filename>P0571705307833_4_44738903.jpg</filename>
	<path>D:\Image_processing\traning_project\images\P0571705307833_4_44738903.jpg</path>
	<source>
		<database>Unknown</database>
	</source>
	<size>
		<width>571</width>
		<height>571</height>
		<depth>3</depth>
	</size>
	<segmented>0</segmented>
	<object>
		<name>trash</name>
		<pose>Unspecified</pose>
		<truncated>0</truncated>
		<difficult>0</difficult>
		<bndbox>
			<xmin>104</xmin>
			<ymin>58</ymin>
			<xmax>390</xmax>
			<ymax>491</ymax>
		</bndbox>
	</object>
</annotation>
