<annotation>
	<folder>images</folder>
	<filename>p0991263236692-item-32abxf4x0413x0545-m.jpg</filename>
	<path>D:\Image_processing\traning_project\images\p0991263236692-item-32abxf4x0413x0545-m.jpg</path>
	<source>
		<database>Unknown</database>
	</source>
	<size>
		<width>413</width>
		<height>545</height>
		<depth>3</depth>
	</size>
	<segmented>0</segmented>
	<object>
		<name>trash</name>
		<pose>Unspecified</pose>
		<truncated>0</truncated>
		<difficult>0</difficult>
		<bndbox>
			<xmin>43</xmin>
			<ymin>3</ymin>
			<xmax>390</xmax>
			<ymax>520</ymax>
		</bndbox>
	</object>
</annotation>
