<annotation>
	<folder>images</folder>
	<filename>p2.jpg</filename>
	<path>D:\Image_processing\traning_project\images\p2.jpg</path>
	<source>
		<database>Unknown</database>
	</source>
	<size>
		<width>800</width>
		<height>1100</height>
		<depth>3</depth>
	</size>
	<segmented>0</segmented>
	<object>
		<name>trash</name>
		<pose>Unspecified</pose>
		<truncated>0</truncated>
		<difficult>0</difficult>
		<bndbox>
			<xmin>210</xmin>
			<ymin>413</ymin>
			<xmax>587</xmax>
			<ymax>1066</ymax>
		</bndbox>
	</object>
</annotation>
