<annotation>
	<folder>images</folder>
	<filename>PD12000000001803_img_.jpg</filename>
	<path>D:\Image_processing\traning_project\images\PD12000000001803_img_.jpg</path>
	<source>
		<database>Unknown</database>
	</source>
	<size>
		<width>1000</width>
		<height>1000</height>
		<depth>3</depth>
	</size>
	<segmented>0</segmented>
	<object>
		<name>trash</name>
		<pose>Unspecified</pose>
		<truncated>0</truncated>
		<difficult>0</difficult>
		<bndbox>
			<xmin>100</xmin>
			<ymin>184</ymin>
			<xmax>558</xmax>
			<ymax>807</ymax>
		</bndbox>
	</object>
	<object>
		<name>trash</name>
		<pose>Unspecified</pose>
		<truncated>0</truncated>
		<difficult>0</difficult>
		<bndbox>
			<xmin>445</xmin>
			<ymin>262</ymin>
			<xmax>897</xmax>
			<ymax>844</ymax>
		</bndbox>
	</object>
</annotation>
