<annotation>
	<folder>images</folder>
	<filename>photooriginal-4617-111339.jpg</filename>
	<path>D:\Image_processing\traning_project\images\photooriginal-4617-111339.jpg</path>
	<source>
		<database>Unknown</database>
	</source>
	<size>
		<width>733</width>
		<height>437</height>
		<depth>3</depth>
	</size>
	<segmented>0</segmented>
	<object>
		<name>trash</name>
		<pose>Unspecified</pose>
		<truncated>0</truncated>
		<difficult>0</difficult>
		<bndbox>
			<xmin>26</xmin>
			<ymin>19</ymin>
			<xmax>192</xmax>
			<ymax>370</ymax>
		</bndbox>
	</object>
	<object>
		<name>trash</name>
		<pose>Unspecified</pose>
		<truncated>0</truncated>
		<difficult>0</difficult>
		<bndbox>
			<xmin>154</xmin>
			<ymin>24</ymin>
			<xmax>327</xmax>
			<ymax>392</ymax>
		</bndbox>
	</object>
	<object>
		<name>trash</name>
		<pose>Unspecified</pose>
		<truncated>0</truncated>
		<difficult>0</difficult>
		<bndbox>
			<xmin>304</xmin>
			<ymin>16</ymin>
			<xmax>490</xmax>
			<ymax>405</ymax>
		</bndbox>
	</object>
	<object>
		<name>trash</name>
		<pose>Unspecified</pose>
		<truncated>0</truncated>
		<difficult>0</difficult>
		<bndbox>
			<xmin>475</xmin>
			<ymin>25</ymin>
			<xmax>694</xmax>
			<ymax>418</ymax>
		</bndbox>
	</object>
</annotation>
