<annotation>
	<folder>images</folder>
	<filename>photooriginal-1360793-yZWSI.jpg</filename>
	<path>D:\Image_processing\traning_project\images\photooriginal-1360793-yZWSI.jpg</path>
	<source>
		<database>Unknown</database>
	</source>
	<size>
		<width>456</width>
		<height>550</height>
		<depth>3</depth>
	</size>
	<segmented>0</segmented>
	<object>
		<name>trash</name>
		<pose>Unspecified</pose>
		<truncated>0</truncated>
		<difficult>0</difficult>
		<bndbox>
			<xmin>33</xmin>
			<ymin>13</ymin>
			<xmax>430</xmax>
			<ymax>390</ymax>
		</bndbox>
	</object>
</annotation>
