<annotation>
	<folder>images</folder>
	<filename>photooriginal-2440252-RKTTi.jpg</filename>
	<path>D:\Image_processing\traning_project\images\photooriginal-2440252-RKTTi.jpg</path>
	<source>
		<database>Unknown</database>
	</source>
	<size>
		<width>632</width>
		<height>561</height>
		<depth>3</depth>
	</size>
	<segmented>0</segmented>
	<object>
		<name>trash</name>
		<pose>Unspecified</pose>
		<truncated>0</truncated>
		<difficult>0</difficult>
		<bndbox>
			<xmin>126</xmin>
			<ymin>53</ymin>
			<xmax>489</xmax>
			<ymax>480</ymax>
		</bndbox>
	</object>
</annotation>
