<annotation>
	<folder>images</folder>
	<filename>pic01a.jpg</filename>
	<path>D:\Image_processing\traning_project\images\pic01a.jpg</path>
	<source>
		<database>Unknown</database>
	</source>
	<size>
		<width>261</width>
		<height>261</height>
		<depth>3</depth>
	</size>
	<segmented>0</segmented>
	<object>
		<name>trash</name>
		<pose>Unspecified</pose>
		<truncated>0</truncated>
		<difficult>0</difficult>
		<bndbox>
			<xmin>18</xmin>
			<ymin>59</ymin>
			<xmax>252</xmax>
			<ymax>212</ymax>
		</bndbox>
	</object>
</annotation>
