<annotation>
	<folder>images</folder>
	<filename>pic08a.jpg</filename>
	<path>D:\Image_processing\traning_project\images\pic08a.jpg</path>
	<source>
		<database>Unknown</database>
	</source>
	<size>
		<width>261</width>
		<height>261</height>
		<depth>3</depth>
	</size>
	<segmented>0</segmented>
	<object>
		<name>trash</name>
		<pose>Unspecified</pose>
		<truncated>0</truncated>
		<difficult>0</difficult>
		<bndbox>
			<xmin>12</xmin>
			<ymin>11</ymin>
			<xmax>250</xmax>
			<ymax>230</ymax>
		</bndbox>
	</object>
</annotation>
