<annotation>
	<folder>images</folder>
	<filename>pro_20210907154302.jpg</filename>
	<path>D:\Image_processing\traning_project\images\pro_20210907154302.jpg</path>
	<source>
		<database>Unknown</database>
	</source>
	<size>
		<width>0</width>
		<height>0</height>
		<depth>3</depth>
	</size>
	<segmented>0</segmented>
	<object>
		<name>trash</name>
		<pose>Unspecified</pose>
		<truncated>0</truncated>
		<difficult>0</difficult>
		<bndbox>
			<xmin>93</xmin>
			<ymin>98</ymin>
			<xmax>295</xmax>
			<ymax>396</ymax>
		</bndbox>
	</object>
	<object>
		<name>trash</name>
		<pose>Unspecified</pose>
		<truncated>0</truncated>
		<difficult>0</difficult>
		<bndbox>
			<xmin>212</xmin>
			<ymin>165</ymin>
			<xmax>415</xmax>
			<ymax>442</ymax>
		</bndbox>
	</object>
</annotation>
