<annotation>
	<folder>images</folder>
	<filename>Q1642575725941.jpg</filename>
	<path>D:\Image_processing\traning_project\images\Q1642575725941.jpg</path>
	<source>
		<database>Unknown</database>
	</source>
	<size>
		<width>600</width>
		<height>449</height>
		<depth>3</depth>
	</size>
	<segmented>0</segmented>
	<object>
		<name>trash</name>
		<pose>Unspecified</pose>
		<truncated>0</truncated>
		<difficult>0</difficult>
		<bndbox>
			<xmin>156</xmin>
			<ymin>5</ymin>
			<xmax>461</xmax>
			<ymax>448</ymax>
		</bndbox>
	</object>
</annotation>
