<annotation>
	<folder>images</folder>
	<filename>Recycle Bin_4108005-500x500.jpg</filename>
	<path>D:\Image_processing\traning_project\images\Recycle Bin_4108005-500x500.jpg</path>
	<source>
		<database>Unknown</database>
	</source>
	<size>
		<width>500</width>
		<height>500</height>
		<depth>3</depth>
	</size>
	<segmented>0</segmented>
	<object>
		<name>trash</name>
		<pose>Unspecified</pose>
		<truncated>0</truncated>
		<difficult>0</difficult>
		<bndbox>
			<xmin>12</xmin>
			<ymin>28</ymin>
			<xmax>477</xmax>
			<ymax>484</ymax>
		</bndbox>
	</object>
</annotation>
