<annotation>
	<folder>images</folder>
	<filename>ST-410.jpg</filename>
	<path>D:\Image_processing\traning_project\images\ST-410.jpg</path>
	<source>
		<database>Unknown</database>
	</source>
	<size>
		<width>361</width>
		<height>361</height>
		<depth>3</depth>
	</size>
	<segmented>0</segmented>
	<object>
		<name>trash</name>
		<pose>Unspecified</pose>
		<truncated>0</truncated>
		<difficult>0</difficult>
		<bndbox>
			<xmin>14</xmin>
			<ymin>12</ymin>
			<xmax>323</xmax>
			<ymax>259</ymax>
		</bndbox>
	</object>
</annotation>
