<annotation>
	<folder>images</folder>
	<filename>TH-.jpg</filename>
	<path>D:\Image_processing\traning_project\images\TH-.jpg</path>
	<source>
		<database>Unknown</database>
	</source>
	<size>
		<width>500</width>
		<height>813</height>
		<depth>3</depth>
	</size>
	<segmented>0</segmented>
	<object>
		<name>trash</name>
		<pose>Unspecified</pose>
		<truncated>0</truncated>
		<difficult>0</difficult>
		<bndbox>
			<xmin>17</xmin>
			<ymin>12</ymin>
			<xmax>468</xmax>
			<ymax>800</ymax>
		</bndbox>
	</object>
</annotation>
