<annotation>
	<folder>images</folder>
	<filename>TH-610S.jpg</filename>
	<path>D:\Image_processing\traning_project\images\TH-610S.jpg</path>
	<source>
		<database>Unknown</database>
	</source>
	<size>
		<width>2084</width>
		<height>2084</height>
		<depth>3</depth>
	</size>
	<segmented>0</segmented>
	<object>
		<name>trash</name>
		<pose>Unspecified</pose>
		<truncated>0</truncated>
		<difficult>0</difficult>
		<bndbox>
			<xmin>555</xmin>
			<ymin>58</ymin>
			<xmax>1639</xmax>
			<ymax>2042</ymax>
		</bndbox>
	</object>
</annotation>
