<annotation>
	<folder>images</folder>
	<filename>TH2-109S.jpg</filename>
	<path>D:\Image_processing\traning_project\images\TH2-109S.jpg</path>
	<source>
		<database>Unknown</database>
	</source>
	<size>
		<width>600</width>
		<height>624</height>
		<depth>3</depth>
	</size>
	<segmented>0</segmented>
	<object>
		<name>trash</name>
		<pose>Unspecified</pose>
		<truncated>1</truncated>
		<difficult>0</difficult>
		<bndbox>
			<xmin>14</xmin>
			<ymin>16</ymin>
			<xmax>580</xmax>
			<ymax>624</ymax>
		</bndbox>
	</object>
</annotation>
