<annotation>
	<folder>images</folder>
	<filename>TH2-80SA.jpg</filename>
	<path>D:\Image_processing\traning_project\images\TH2-80SA.jpg</path>
	<source>
		<database>Unknown</database>
	</source>
	<size>
		<width>2085</width>
		<height>2084</height>
		<depth>3</depth>
	</size>
	<segmented>0</segmented>
	<object>
		<name>trash</name>
		<pose>Unspecified</pose>
		<truncated>0</truncated>
		<difficult>0</difficult>
		<bndbox>
			<xmin>157</xmin>
			<ymin>100</ymin>
			<xmax>1919</xmax>
			<ymax>1962</ymax>
		</bndbox>
	</object>
</annotation>
