<annotation>
	<folder>images</folder>
	<filename>TH4-110SB.jpg</filename>
	<path>D:\Image_processing\traning_project\images\TH4-110SB.jpg</path>
	<source>
		<database>Unknown</database>
	</source>
	<size>
		<width>2084</width>
		<height>2085</height>
		<depth>3</depth>
	</size>
	<segmented>0</segmented>
	<object>
		<name>trash</name>
		<pose>Unspecified</pose>
		<truncated>0</truncated>
		<difficult>0</difficult>
		<bndbox>
			<xmin>189</xmin>
			<ymin>344</ymin>
			<xmax>1987</xmax>
			<ymax>1712</ymax>
		</bndbox>
	</object>
</annotation>
