<annotation>
	<folder>images</folder>
	<filename>TP00001030000472_O_m.jpg</filename>
	<path>D:\Image_processing\traning_project\images\TP00001030000472_O_m.jpg</path>
	<source>
		<database>Unknown</database>
	</source>
	<size>
		<width>1000</width>
		<height>1000</height>
		<depth>3</depth>
	</size>
	<segmented>0</segmented>
	<object>
		<name>trash</name>
		<pose>Unspecified</pose>
		<truncated>0</truncated>
		<difficult>0</difficult>
		<bndbox>
			<xmin>244</xmin>
			<ymin>88</ymin>
			<xmax>777</xmax>
			<ymax>897</ymax>
		</bndbox>
	</object>
</annotation>
