<annotation>
	<folder>images</folder>
	<filename>trash.jpg</filename>
	<path>D:\Image_processing\traning_project\images\trash.jpg</path>
	<source>
		<database>Unknown</database>
	</source>
	<size>
		<width>600</width>
		<height>600</height>
		<depth>3</depth>
	</size>
	<segmented>0</segmented>
	<object>
		<name>trash</name>
		<pose>Unspecified</pose>
		<truncated>0</truncated>
		<difficult>0</difficult>
		<bndbox>
			<xmin>43</xmin>
			<ymin>6</ymin>
			<xmax>575</xmax>
			<ymax>596</ymax>
		</bndbox>
	</object>
</annotation>
