<annotation>
	<folder>images</folder>
	<filename>trashtrash.jpg</filename>
	<path>D:\Image_processing\traning_project\images\trashtrash.jpg</path>
	<source>
		<database>Unknown</database>
	</source>
	<size>
		<width>369</width>
		<height>369</height>
		<depth>3</depth>
	</size>
	<segmented>0</segmented>
	<object>
		<name>trash</name>
		<pose>Unspecified</pose>
		<truncated>1</truncated>
		<difficult>0</difficult>
		<bndbox>
			<xmin>22</xmin>
			<ymin>1</ymin>
			<xmax>354</xmax>
			<ymax>365</ymax>
		</bndbox>
	</object>
</annotation>
