<annotation>
	<folder>images</folder>
	<filename>unnamed (1).jpg</filename>
	<path>D:\Image_processing\traning_project\images\unnamed (1).jpg</path>
	<source>
		<database>Unknown</database>
	</source>
	<size>
		<width>512</width>
		<height>384</height>
		<depth>3</depth>
	</size>
	<segmented>0</segmented>
	<object>
		<name>trash</name>
		<pose>Unspecified</pose>
		<truncated>0</truncated>
		<difficult>0</difficult>
		<bndbox>
			<xmin>183</xmin>
			<ymin>62</ymin>
			<xmax>345</xmax>
			<ymax>314</ymax>
		</bndbox>
	</object>
</annotation>
